PERIODS_1,MaxGroupExposure
2030,0.02386820286985844
2040,0.010407076439979866
2050,0.00621982890041309
