REGIONAL_CO2_RULES_1,REGIONAL_CO2_RULES_2,REGIONAL_CO2_RULES_3,AnnualCapViolation
ETS 1,2030,ISNE,0.0033949420820246676
ETS 1,2030,NYCW,0.0
ETS 1,2030,NYUP,0.0
ETS 1,2030,PJMD,0.0
ETS 1,2030,PJME,0.0
ETS 1,2040,ISNE,0.002992560680158241
ETS 1,2040,NYCW,0.0
ETS 1,2040,NYUP,0.0
ETS 1,2040,PJMD,0.0
ETS 1,2040,PJME,0.0
ETS 1,2050,ISNE,0.0
ETS 1,2050,NYCW,0.031083480646215387
ETS 1,2050,NYUP,0.0
ETS 1,2050,PJMD,0.0
ETS 1,2050,PJME,0.0
