PERIODS_1,MaxGroupExposure
2030,0.4680437659943716
2040,0.428167619168167
2050,2.3244745750273665
