PERIODS_1,MaxGroupExposure
2030,0.0785209509177496
2040,0.049010258995445824
2050,0.04135504329981713
