PERIODS_1,MaxGroupExposure
2030,2.279359370926515
2040,2.218979167898194
2050,2.515548818903383
