PERIODS_1,MaxGroupExposure
2030,0.13200181945131406
2040,0.0886789902854999
2050,0.0651797924856537
