PERIODS_1,MaxGroupExposure
2030,0.057100549070821245
2040,0.04153714284592904
2050,0.033984912298061554
